Country Name,Indicator Name,Year,Observation Value,Nature,Obs_Status,Date Updated,Country Files,Footnote,Continent
Albania,Beach litter count per km2 of coastline,2018,1284796.6,E,A,2022-05-19,-,-,Europe
Algeria,Beach litter count per km2 of coastline,2015,34285714.3,E,A,2022-05-19,-,-,Africa
Algeria,Beach litter count per km2 of coastline,2016,39450549.5,E,A,2022-05-19,-,-,Africa
Algeria,Beach litter count per km2 of coastline,2018,2485.5,E,A,2022-05-19,-,-,Africa
Angola,Beach litter count per km2 of coastline,2022,74564.7,E,A,2024-04-30,-,-,Africa
Antigua and Barbuda,Beach litter count per km2 of coastline,2021,52319.9,E,A,2024-04-30,-,-,North America
Antigua and Barbuda,Beach litter count per km2 of coastline,2022,62224.1,E,A,2024-04-30,-,-,North America
Argentina,Beach litter count per km2 of coastline,2015,5832512.3,E,A,2022-05-19,-,-,South America
Argentina,Beach litter count per km2 of coastline,2016,490426.7,E,A,2022-05-19,-,-,South America
Argentina,Beach litter count per km2 of coastline,2017,3788198.8,E,A,2022-05-19,-,-,South America
Argentina,Beach litter count per km2 of coastline,2018,6801203.2,E,A,2022-05-19,-,-,South America
Argentina,Beach litter count per km2 of coastline,2021,158951.9,E,A,2024-04-30,-,-,South America
Argentina,Beach litter count per km2 of coastline,2022,5707.6,E,A,2024-04-30,-,-,South America
Australia,Beach litter count per km2 of coastline,2015,1514.1,E,A,2022-05-19,-,-,Oceania
Australia,Beach litter count per km2 of coastline,2016,7202.1,E,A,2022-05-19,-,-,Oceania
Australia,Beach litter count per km2 of coastline,2017,210440.4,E,A,2022-05-19,-,-,Oceania
Australia,Beach litter count per km2 of coastline,2018,140982.1,E,A,2022-05-19,-,-,Oceania
Australia,Beach litter count per km2 of coastline,2021,129931.5,E,A,2024-04-30,-,-,Oceania
Australia,Beach litter count per km2 of coastline,2022,150187.5,E,A,2024-04-30,-,-,Oceania
Austria,Beach litter count per km2 of coastline,2017,148482.9,E,A,2022-05-19,-,-,Europe
Azerbaijan,Beach litter count per km2 of coastline,2016,59891.1,E,A,2022-05-19,-,-,Asia
Azerbaijan,Beach litter count per km2 of coastline,2018,249168.9,E,A,2022-05-19,-,-,Asia
Azerbaijan,Beach litter count per km2 of coastline,2021,76398.3,E,A,2024-04-30,-,-,Asia
Bahamas,Beach litter count per km2 of coastline,2016,101986.5,E,A,2022-05-19,-,-,North America
Bahamas,Beach litter count per km2 of coastline,2017,418691.1,E,A,2022-05-19,-,-,North America
Bahamas,Beach litter count per km2 of coastline,2018,498357.4,E,A,2022-05-19,-,-,North America
Bahamas,Beach litter count per km2 of coastline,2021,48104.5,E,A,2024-04-30,-,-,North America
Bahamas,Beach litter count per km2 of coastline,2022,150771.2,E,A,2024-04-30,-,-,North America
Bangladesh,Beach litter count per km2 of coastline,2016,146784466.0,E,A,2022-05-19,-,-,Asia
Bangladesh,Beach litter count per km2 of coastline,2017,5784745.7,E,A,2022-05-19,-,-,Asia
Bangladesh,Beach litter count per km2 of coastline,2018,4008335.5,E,A,2022-05-19,-,-,Asia
Bangladesh,Beach litter count per km2 of coastline,2021,151389.0,E,A,2024-04-30,-,-,Asia
Bangladesh,Beach litter count per km2 of coastline,2022,1475831.6,E,A,2024-04-30,-,-,Asia
Barbados,Beach litter count per km2 of coastline,2016,1150074.8,E,A,2022-05-19,-,-,North America
Barbados,Beach litter count per km2 of coastline,2017,2376584.6,E,A,2022-05-19,-,-,North America
Barbados,Beach litter count per km2 of coastline,2018,2485.5,E,A,2022-05-19,-,-,North America
Barbados,Beach litter count per km2 of coastline,2022,130882.2,E,A,2024-04-30,-,-,North America
Belgium,Beach litter count per km2 of coastline,2015,15202898.6,E,A,2022-05-19,-,-,Europe
Belgium,Beach litter count per km2 of coastline,2016,270451.2,E,A,2022-05-19,-,-,Europe
Belgium,Beach litter count per km2 of coastline,2017,227315.8,E,A,2022-05-19,-,-,Europe
Belgium,Beach litter count per km2 of coastline,2018,19152.1,E,A,2022-05-19,-,-,Europe
Belgium,Beach litter count per km2 of coastline,2019,664536.1,E,A,2022-05-19,-,-,Europe
Belgium,Beach litter count per km2 of coastline,2021,69243.0,E,A,2024-04-30,-,-,Europe
Belize,Beach litter count per km2 of coastline,2016,1602168.8,E,A,2022-05-19,-,-,North America
Belize,Beach litter count per km2 of coastline,2017,988723.2,E,A,2022-05-19,-,-,North America
Belize,Beach litter count per km2 of coastline,2018,1180477.5,E,A,2022-05-19,-,-,North America
Belize,Beach litter count per km2 of coastline,2021,201125.2,E,A,2024-04-30,-,-,North America
Belize,Beach litter count per km2 of coastline,2022,233387.9,E,A,2024-04-30,-,-,North America
Bhutan,Beach litter count per km2 of coastline,2022,6213.7,E,A,2024-04-30,-,-,Asia
Bosnia and Herzegovina,Beach litter count per km2 of coastline,2016,1428110.9,E,A,2022-05-19,-,-,Europe
Brazil,Beach litter count per km2 of coastline,2015,5410679.8,E,A,2022-05-19,-,-,South America
Brazil,Beach litter count per km2 of coastline,2016,1563746.3,E,A,2022-05-19,-,-,South America
Brazil,Beach litter count per km2 of coastline,2017,1792396.9,E,A,2022-05-19,-,-,South America
Brazil,Beach litter count per km2 of coastline,2018,507292.0,E,A,2022-05-19,-,-,South America
Brazil,Beach litter count per km2 of coastline,2019,4741.2,E,A,2022-05-19,-,-,South America
Brazil,Beach litter count per km2 of coastline,2021,190846.3,E,A,2024-04-30,-,-,South America
Brazil,Beach litter count per km2 of coastline,2022,456643.7,E,A,2024-04-30,-,-,South America
Brunei Darussalam,Beach litter count per km2 of coastline,2016,796451.5,E,A,2022-05-19,-,-,Asia
Brunei Darussalam,Beach litter count per km2 of coastline,2017,204453.9,E,A,2022-05-19,-,-,Asia
Brunei Darussalam,Beach litter count per km2 of coastline,2018,88928.2,E,A,2022-05-19,-,-,Asia
Brunei Darussalam,Beach litter count per km2 of coastline,2022,16.1,C,A,2024-03-04,-,file,Asia
Brunei Darussalam,Beach litter count per km2 of coastline,2023,51.0,C,A,2024-03-04,-,file,Asia
Bulgaria,Beach litter count per km2 of coastline,2015,2178.3,C,A,2024-03-04,-,file,Europe
Bulgaria,Beach litter count per km2 of coastline,2016,1809.0,C,A,2024-03-04,-,file,Europe
Bulgaria,Beach litter count per km2 of coastline,2017,8674.3,C,A,2024-03-04,-,file,Europe
Bulgaria,Beach litter count per km2 of coastline,2018,2997.0,C,A,2024-03-04,-,-,Europe
Bulgaria,Beach litter count per km2 of coastline,2019,2561.7,C,A,2024-03-04,-,-,Europe
Bulgaria,Beach litter count per km2 of coastline,2020,2762.2,C,A,2024-03-04,-,-,Europe
Bulgaria,Beach litter count per km2 of coastline,2021,1049.9,C,A,2024-03-04,-,-,Europe
Bulgaria,Beach litter count per km2 of coastline,2022,782.5,C,A,2024-03-04,-,-,Europe
Cabo Verde,Beach litter count per km2 of coastline,2018,164925.8,E,A,2022-05-19,-,-,Africa
Cabo Verde,Beach litter count per km2 of coastline,2021,7981.3,E,A,2024-04-30,-,-,Africa
Cambodia,Beach litter count per km2 of coastline,2016,2909923.1,E,A,2022-05-19,-,-,Asia
Cambodia,Beach litter count per km2 of coastline,2017,6435404.9,E,A,2022-05-19,-,-,Asia
Cambodia,Beach litter count per km2 of coastline,2018,5243327.6,E,A,2022-05-19,-,-,Asia
Cambodia,Beach litter count per km2 of coastline,2021,311784.8,E,A,2024-04-30,-,-,Asia
Cameroon,Beach litter count per km2 of coastline,2018,84679624.2,E,A,2022-05-19,-,-,Africa
Cameroon,Beach litter count per km2 of coastline,2021,61982.3,E,A,2024-04-30,-,-,Africa
Cameroon,Beach litter count per km2 of coastline,2022,42967.3,E,A,2024-04-30,-,-,Africa
Canada,Beach litter count per km2 of coastline,2015,1524.9,E,A,2022-05-19,-,-,North America
Canada,Beach litter count per km2 of coastline,2016,194241.2,E,A,2022-05-19,-,-,North America
Canada,Beach litter count per km2 of coastline,2017,333326.8,E,A,2022-05-19,-,-,North America
Canada,Beach litter count per km2 of coastline,2018,328376.2,E,A,2022-05-19,-,-,North America
Canada,Beach litter count per km2 of coastline,2021,355421.6,E,A,2024-04-30,-,-,North America
Canada,Beach litter count per km2 of coastline,2022,163600.3,E,A,2024-04-30,-,-,North America
Chile,Beach litter count per km2 of coastline,2015,791304.3,E,A,2022-05-19,-,-,South America
Chile,Beach litter count per km2 of coastline,2016,703401.0,E,A,2022-05-19,-,-,South America
Chile,Beach litter count per km2 of coastline,2017,1295306.1,E,A,2022-05-19,-,-,South America
Chile,Beach litter count per km2 of coastline,2018,3741894.7,E,A,2022-05-19,-,-,South America
Chile,Beach litter count per km2 of coastline,2021,171062.0,E,A,2024-04-30,-,-,South America
Chile,Beach litter count per km2 of coastline,2022,159731.6,E,A,2024-04-30,-,-,South America
China,Beach litter count per km2 of coastline,2015,14219138.4,E,A,2022-05-19,-,-,Asia
China,Beach litter count per km2 of coastline,2016,114915.7,E,A,2022-05-19,-,-,Asia
China,Beach litter count per km2 of coastline,2017,278760.2,E,A,2022-05-19,-,-,Asia
China,Beach litter count per km2 of coastline,2018,134588.0,E,A,2022-05-19,-,-,Asia
China,Beach litter count per km2 of coastline,2021,2670201.0,E,A,2024-04-30,-,-,Asia
China,Beach litter count per km2 of coastline,2022,1008600.3,E,A,2024-04-30,-,-,Asia
Colombia,Beach litter count per km2 of coastline,2016,46909860.4,E,A,2022-05-19,-,-,South America
Colombia,Beach litter count per km2 of coastline,2017,4037824.0,E,A,2022-05-19,-,-,South America
Colombia,Beach litter count per km2 of coastline,2018,426618.7,E,A,2022-05-19,-,-,South America
Colombia,Beach litter count per km2 of coastline,2021,178341.5,E,A,2024-04-30,-,-,South America
Colombia,Beach litter count per km2 of coastline,2022,564627.9,E,A,2024-04-30,-,-,South America
Costa Rica,Beach litter count per km2 of coastline,2015,13522727.3,E,A,2022-05-19,-,-,North America
Costa Rica,Beach litter count per km2 of coastline,2016,2798832.2,E,A,2022-05-19,-,-,North America
Costa Rica,Beach litter count per km2 of coastline,2017,2260979.6,E,A,2022-05-19,-,-,North America
Costa Rica,Beach litter count per km2 of coastline,2018,1672655.8,E,A,2022-05-19,-,-,North America
Costa Rica,Beach litter count per km2 of coastline,2021,209337.9,E,A,2024-04-30,-,-,North America
Costa Rica,Beach litter count per km2 of coastline,2022,864375.7,E,A,2024-04-30,-,-,North America
Cote d'Ivoire,Beach litter count per km2 of coastline,2018,10022.0,E,A,2022-05-19,-,-,Africa
Croatia,Beach litter count per km2 of coastline,2015,45382352.9,E,A,2022-05-19,-,-,Europe
Croatia,Beach litter count per km2 of coastline,2016,429251.9,E,A,2022-05-19,-,-,Europe
Croatia,Beach litter count per km2 of coastline,2019,55349.6,E,A,2022-05-19,-,-,Europe
Croatia,Beach litter count per km2 of coastline,2021,886601.0,E,A,2024-04-30,-,-,Europe
Croatia,Beach litter count per km2 of coastline,2022,497142.2,E,A,2024-04-30,-,-,Europe
Cuba,Beach litter count per km2 of coastline,2016,631355.9,E,A,2022-05-19,-,-,North America
Cuba,Beach litter count per km2 of coastline,2017,6047124.3,E,A,2022-05-19,-,-,North America
Cuba,Beach litter count per km2 of coastline,2021,6008.0,E,A,2024-04-30,-,-,North America
Cyprus,Beach litter count per km2 of coastline,2015,380499.5,E,A,2022-05-19,-,-,Asia
Cyprus,Beach litter count per km2 of coastline,2016,1230419.6,E,A,2022-05-19,-,-,Asia
Cyprus,Beach litter count per km2 of coastline,2017,4879745.1,E,A,2022-05-19,-,-,Asia
Cyprus,Beach litter count per km2 of coastline,2018,4901153.8,E,A,2022-05-19,-,-,Asia
Cyprus,Beach litter count per km2 of coastline,2021,69785.5,E,A,2024-04-30,-,-,Asia
Cyprus,Beach litter count per km2 of coastline,2022,105348405.3,E,A,2024-04-30,-,-,Asia
Czechia,Beach litter count per km2 of coastline,2017,137315.5,E,A,2022-05-19,-,-,Europe
Czechia,Beach litter count per km2 of coastline,2018,10974.3,E,A,2022-05-19,-,-,Europe
Czechia,Beach litter count per km2 of coastline,2021,79825.2,E,A,2024-04-30,-,-,Europe
Denmark,Beach litter count per km2 of coastline,2015,128985.9,E,A,2022-05-19,-,-,Europe
Denmark,Beach litter count per km2 of coastline,2016,196138.7,E,A,2022-05-19,-,-,Europe
Denmark,Beach litter count per km2 of coastline,2017,63904.5,E,A,2022-05-19,-,-,Europe
Denmark,Beach litter count per km2 of coastline,2018,208070.6,E,A,2022-05-19,-,-,Europe
Denmark,Beach litter count per km2 of coastline,2019,249039.0,E,A,2022-05-19,-,-,Europe
Denmark,Beach litter count per km2 of coastline,2021,230777.3,E,A,2024-04-30,-,-,Europe
Denmark,Beach litter count per km2 of coastline,2022,45925.6,E,A,2024-04-30,-,-,Europe
Dominican Republic,Beach litter count per km2 of coastline,2015,92394.8,E,A,2022-05-19,-,-,North America
Dominican Republic,Beach litter count per km2 of coastline,2016,3779882.8,E,A,2022-05-19,-,-,North America
Dominican Republic,Beach litter count per km2 of coastline,2017,5244172.6,E,A,2022-05-19,-,-,North America
Dominican Republic,Beach litter count per km2 of coastline,2018,4872619.7,E,A,2022-05-19,-,-,North America
Dominican Republic,Beach litter count per km2 of coastline,2021,270494.4,E,A,2024-04-30,-,-,North America
Dominican Republic,Beach litter count per km2 of coastline,2022,100638.0,E,A,2024-04-30,-,-,North America
Ecuador,Beach litter count per km2 of coastline,2016,891574.3,E,A,2022-05-19,-,-,South America
Ecuador,Beach litter count per km2 of coastline,2017,904247.6,E,A,2022-05-19,-,-,South America
Ecuador,Beach litter count per km2 of coastline,2018,740643.9,E,A,2022-05-19,-,-,South America
Ecuador,Beach litter count per km2 of coastline,2021,222915.9,E,A,2024-04-30,-,-,South America
Ecuador,Beach litter count per km2 of coastline,2022,88796.8,E,A,2024-04-30,-,-,South America
Egypt,Beach litter count per km2 of coastline,2016,99218.8,E,A,2022-05-19,-,-,Africa
Egypt,Beach litter count per km2 of coastline,2018,2485.5,E,A,2022-05-19,-,-,Africa
Egypt,Beach litter count per km2 of coastline,2021,92972.3,E,A,2024-04-30,-,-,Africa
Egypt,Beach litter count per km2 of coastline,2022,25000000.0,E,A,2024-04-30,-,-,Africa
El Salvador,Beach litter count per km2 of coastline,2018,13670.0,E,A,2022-05-19,-,-,North America
El Salvador,Beach litter count per km2 of coastline,2021,455191.7,E,A,2024-04-30,-,-,North America
Estonia,Beach litter count per km2 of coastline,2015,26.0,C,A,2024-03-04,-,file,Europe
Estonia,Beach litter count per km2 of coastline,2016,38.5,C,A,2024-03-04,-,file,Europe
Estonia,Beach litter count per km2 of coastline,2017,27.8,C,A,2024-03-04,-,file,Europe
Estonia,Beach litter count per km2 of coastline,2018,22.3,C,A,2024-03-04,-,file,Europe
Estonia,Beach litter count per km2 of coastline,2019,20.2,C,A,2024-03-04,-,file,Europe
Estonia,Beach litter count per km2 of coastline,2020,14.3,C,A,2024-03-04,-,file,Europe
Estonia,Beach litter count per km2 of coastline,2021,19.3,C,A,2024-03-04,-,file,Europe
Estonia,Beach litter count per km2 of coastline,2022,20.7,C,A,2024-03-04,-,file,Europe
Ethiopia,Beach litter count per km2 of coastline,2018,2485.5,E,A,2022-05-19,-,-,Africa
Fiji,Beach litter count per km2 of coastline,2017,134314.3,E,A,2022-05-19,-,-,Oceania
Fiji,Beach litter count per km2 of coastline,2018,815794.7,E,A,2022-05-19,-,-,Oceania
Finland,Beach litter count per km2 of coastline,2017,21726.1,E,A,2022-05-19,-,-,Europe
Finland,Beach litter count per km2 of coastline,2018,165213.4,E,A,2022-05-19,-,-,Europe
Finland,Beach litter count per km2 of coastline,2021,69823.8,E,A,2024-04-30,-,-,Europe
Finland,Beach litter count per km2 of coastline,2022,89122.9,E,A,2024-04-30,-,-,Europe
France,Beach litter count per km2 of coastline,2015,6693828.7,E,A,2022-05-19,-,-,Europe
France,Beach litter count per km2 of coastline,2016,4550832.6,E,A,2022-05-19,-,-,Europe
France,Beach litter count per km2 of coastline,2017,190684.0,E,A,2022-05-19,-,-,Europe
France,Beach litter count per km2 of coastline,2018,1066566.3,E,A,2022-05-19,-,-,Europe
France,Beach litter count per km2 of coastline,2019,1329666.0,E,A,2022-05-19,-,-,Europe
France,Beach litter count per km2 of coastline,2021,758855.5,E,A,2024-04-30,-,-,Europe
France,Beach litter count per km2 of coastline,2022,198354.0,E,A,2024-04-30,-,-,Europe
Gambia,Beach litter count per km2 of coastline,2022,11059685.8,E,A,2024-04-30,-,-,Africa
Georgia,Beach litter count per km2 of coastline,2019,986890.0,E,A,2022-05-19,-,-,Asia
Georgia,Beach litter count per km2 of coastline,2022,56358.8,E,A,2024-04-30,-,-,Asia
Germany,Beach litter count per km2 of coastline,2015,101061.4,E,A,2022-05-19,-,-,Europe
Germany,Beach litter count per km2 of coastline,2016,2106574.1,E,A,2022-05-19,-,-,Europe
Germany,Beach litter count per km2 of coastline,2017,43348.0,E,A,2022-05-19,-,-,Europe
Germany,Beach litter count per km2 of coastline,2018,386138.6,E,A,2022-05-19,-,-,Europe
Germany,Beach litter count per km2 of coastline,2019,16955.9,E,A,2022-05-19,-,-,Europe
Germany,Beach litter count per km2 of coastline,2021,142908.9,E,A,2024-04-30,-,-,Europe
Germany,Beach litter count per km2 of coastline,2022,80124.9,E,A,2024-04-30,-,-,Europe
Ghana,Beach litter count per km2 of coastline,2016,33579283.0,C,A,2022-05-19,-,-,Africa
Ghana,Beach litter count per km2 of coastline,2017,56875107.0,C,A,2022-05-19,-,-,Africa
Ghana,Beach litter count per km2 of coastline,2019,179760103.0,C,A,2022-05-19,-,-,Africa
Ghana,Beach litter count per km2 of coastline,2020,152134672.0,C,A,2022-05-19,-,-,Africa
Greece,Beach litter count per km2 of coastline,2015,2866050.8,E,A,2022-05-19,-,-,Europe
Greece,Beach litter count per km2 of coastline,2016,1806335.0,E,A,2022-05-19,-,-,Europe
Greece,Beach litter count per km2 of coastline,2017,1039324.5,E,A,2022-05-19,-,-,Europe
Greece,Beach litter count per km2 of coastline,2018,1432934.9,E,A,2022-05-19,-,-,Europe
Greece,Beach litter count per km2 of coastline,2019,15157.6,E,A,2022-05-19,-,-,Europe
Greece,Beach litter count per km2 of coastline,2021,293333.8,E,A,2024-04-30,-,-,Europe
Greece,Beach litter count per km2 of coastline,2022,143585.9,E,A,2024-04-30,-,-,Europe
Grenada,Beach litter count per km2 of coastline,2016,400159.1,E,A,2022-05-19,-,-,North America
Grenada,Beach litter count per km2 of coastline,2017,592911.0,E,A,2022-05-19,-,-,North America
Grenada,Beach litter count per km2 of coastline,2018,3625093.2,E,A,2022-05-19,-,-,North America
Guatemala,Beach litter count per km2 of coastline,2016,4017752.7,E,A,2022-05-19,-,-,North America
Guatemala,Beach litter count per km2 of coastline,2017,10803669.5,E,A,2022-05-19,-,-,North America
Guatemala,Beach litter count per km2 of coastline,2018,250689.2,E,A,2022-05-19,-,-,North America
Guatemala,Beach litter count per km2 of coastline,2021,169803.4,E,A,2024-04-30,-,-,North America
Guatemala,Beach litter count per km2 of coastline,2022,1000000.0,E,A,2024-04-30,-,-,North America
Guyana,Beach litter count per km2 of coastline,2016,2985315.8,E,A,2022-05-19,-,-,South America
Guyana,Beach litter count per km2 of coastline,2017,1557775.0,E,A,2022-05-19,-,-,South America
Guyana,Beach litter count per km2 of coastline,2018,4524475.2,E,A,2022-05-19,-,-,South America
Guyana,Beach litter count per km2 of coastline,2021,174100.8,E,A,2024-04-30,-,-,South America
Honduras,Beach litter count per km2 of coastline,2022,722831.2,E,A,2024-04-30,-,-,North America
Hungary,Beach litter count per km2 of coastline,2021,15392.7,E,A,2024-04-30,-,-,Europe
Iceland,Beach litter count per km2 of coastline,2018,475911.3,E,A,2022-05-19,-,-,Europe
Iceland,Beach litter count per km2 of coastline,2021,364162.8,E,A,2024-04-30,-,-,Europe
Iceland,Beach litter count per km2 of coastline,2022,342062.6,E,A,2024-04-30,-,-,Europe
India,Beach litter count per km2 of coastline,2016,883221.8,E,A,2022-05-19,-,-,Asia
India,Beach litter count per km2 of coastline,2017,916968.6,E,A,2022-05-19,-,-,Asia
India,Beach litter count per km2 of coastline,2018,172808.8,E,A,2022-05-19,-,-,Asia
India,Beach litter count per km2 of coastline,2021,1110015.5,E,A,2024-04-30,-,-,Asia
India,Beach litter count per km2 of coastline,2022,183680.5,E,A,2024-04-30,-,-,Asia
Indonesia,Beach litter count per km2 of coastline,2016,2090664.3,E,A,2022-05-19,-,-,Asia
Indonesia,Beach litter count per km2 of coastline,2017,1539910.7,E,A,2022-05-19,-,-,Asia
Indonesia,Beach litter count per km2 of coastline,2018,508550.9,E,A,2022-05-19,-,-,Asia
Indonesia,Beach litter count per km2 of coastline,2021,757198.3,E,A,2024-04-30,-,-,Asia
Indonesia,Beach litter count per km2 of coastline,2022,32501.2,E,A,2024-04-30,-,-,Asia
Iran (Islamic Republic of),Beach litter count per km2 of coastline,2021,897538.4,E,A,2024-04-30,-,-,Asia
Ireland,Beach litter count per km2 of coastline,2015,16667.3,E,A,2022-05-19,-,-,Europe
Ireland,Beach litter count per km2 of coastline,2016,123358.9,E,A,2022-05-19,-,-,Europe
Ireland,Beach litter count per km2 of coastline,2017,293877.0,E,A,2022-05-19,-,-,Europe
Ireland,Beach litter count per km2 of coastline,2018,23512.0,E,A,2022-05-19,-,-,Europe
Ireland,Beach litter count per km2 of coastline,2019,440.0,E,A,2022-05-19,-,-,Europe
Ireland,Beach litter count per km2 of coastline,2021,307597.0,E,A,2024-04-30,-,-,Europe
Ireland,Beach litter count per km2 of coastline,2022,256994.4,E,A,2024-04-30,-,-,Europe
Israel,Beach litter count per km2 of coastline,2015,221205.2,E,A,2022-05-19,-,-,Asia
Israel,Beach litter count per km2 of coastline,2018,4473264.2,E,A,2022-05-19,-,-,Asia
Israel,Beach litter count per km2 of coastline,2021,330906.9,E,A,2024-04-30,-,-,Asia
Israel,Beach litter count per km2 of coastline,2022,761092.8,E,A,2024-04-30,-,-,Asia
Italy,Beach litter count per km2 of coastline,2015,511.0,C,A,2024-03-04,-,file,Europe
Italy,Beach litter count per km2 of coastline,2016,494.0,C,A,2024-03-04,-,file,Europe
Italy,Beach litter count per km2 of coastline,2017,474.0,C,A,2024-03-04,-,file,Europe
Italy,Beach litter count per km2 of coastline,2018,462.0,C,A,2024-03-04,-,file,Europe
Italy,Beach litter count per km2 of coastline,2019,413.0,C,A,2024-03-04,-,file,Europe
Italy,Beach litter count per km2 of coastline,2020,311.0,C,A,2024-03-04,-,file,Europe
Italy,Beach litter count per km2 of coastline,2021,273.0,C,A,2024-03-04,-,file,Europe
Italy,Beach litter count per km2 of coastline,2022,303.0,C,A,2024-03-04,-,file,Europe
Jamaica,Beach litter count per km2 of coastline,2016,4508764.8,E,A,2022-05-19,-,-,North America
Jamaica,Beach litter count per km2 of coastline,2017,4294002.2,E,A,2022-05-19,-,-,North America
Jamaica,Beach litter count per km2 of coastline,2018,2404118.3,E,A,2022-05-19,-,-,North America
Jamaica,Beach litter count per km2 of coastline,2021,84736.5,E,A,2024-04-30,-,-,North America
Jamaica,Beach litter count per km2 of coastline,2022,226938.0,E,A,2024-04-30,-,-,North America
Japan,Beach litter count per km2 of coastline,2015,619750.5,E,A,2022-05-19,-,-,Asia
Japan,Beach litter count per km2 of coastline,2016,1959468.8,E,A,2022-05-19,-,-,Asia
Japan,Beach litter count per km2 of coastline,2017,1781297.4,E,A,2022-05-19,-,-,Asia
Japan,Beach litter count per km2 of coastline,2018,468998.2,E,A,2022-05-19,-,-,Asia
Japan,Beach litter count per km2 of coastline,2021,212372.3,E,A,2024-04-30,-,-,Asia
Japan,Beach litter count per km2 of coastline,2022,170673.0,E,A,2024-04-30,-,-,Asia
Jordan,Beach litter count per km2 of coastline,2021,52514.0,E,A,2024-04-30,-,-,Asia
Kazakhstan,Beach litter count per km2 of coastline,2015,11448.5,E,A,2022-05-19,-,-,Asia
Kazakhstan,Beach litter count per km2 of coastline,2021,257931.8,E,A,2024-04-30,-,-,Asia
Kazakhstan,Beach litter count per km2 of coastline,2022,316398.4,E,A,2024-04-30,-,-,Asia
Kenya,Beach litter count per km2 of coastline,2019,39684.0,C,A,2024-03-07,-,-,Africa
Kenya,Beach litter count per km2 of coastline,2020,1226062.8,C,A,2024-03-07,-,-,Africa
Kenya,Beach litter count per km2 of coastline,2021,2626255.3,C,A,2024-03-07,-,-,Africa
Kenya,Beach litter count per km2 of coastline,2022,6934347.3,C,A,2024-03-07,-,-,Africa
Kenya,Beach litter count per km2 of coastline,2023,5941137.2,C,A,2024-03-07,-,-,Africa
Kiribati,Beach litter count per km2 of coastline,2016,2485.5,E,A,2022-05-19,-,-,Oceania
Kuwait,Beach litter count per km2 of coastline,2016,1002.2,E,A,2022-05-19,-,-,Asia
Kuwait,Beach litter count per km2 of coastline,2017,27233.1,E,A,2022-05-19,-,-,Asia
Kuwait,Beach litter count per km2 of coastline,2018,44436.6,E,A,2022-05-19,-,-,Asia
Kuwait,Beach litter count per km2 of coastline,2022,10612.4,E,A,2024-04-30,-,-,Asia
Lebanon,Beach litter count per km2 of coastline,2019,2374285.7,E,A,2022-05-19,-,-,Asia
Lithuania,Beach litter count per km2 of coastline,2017,99.0,C,A,2024-03-04,-,file,Europe
Lithuania,Beach litter count per km2 of coastline,2018,111.0,C,A,2024-03-04,-,file,Europe
Lithuania,Beach litter count per km2 of coastline,2019,84.0,C,A,2024-03-04,-,file,Europe
Lithuania,Beach litter count per km2 of coastline,2020,102.0,C,A,2024-03-04,-,file,Europe
Lithuania,Beach litter count per km2 of coastline,2021,84.0,C,A,2024-03-04,-,file,Europe
Lithuania,Beach litter count per km2 of coastline,2022,77.0,C,A,2024-03-04,-,file,Europe
Luxembourg,Beach litter count per km2 of coastline,2019,476000.0,E,A,2022-05-19,-,-,Europe
Madagascar,Beach litter count per km2 of coastline,2015,5741935.5,E,A,2022-05-19,-,-,Africa
Malawi,Beach litter count per km2 of coastline,2016,334.1,E,A,2022-05-19,-,-,Africa
Malawi,Beach litter count per km2 of coastline,2017,31323912.6,E,A,2022-05-19,-,-,Africa
Malawi,Beach litter count per km2 of coastline,2018,23313061.2,E,A,2022-05-19,-,-,Africa
Malaysia,Beach litter count per km2 of coastline,2016,488504.0,E,A,2022-05-19,-,-,Asia
Malaysia,Beach litter count per km2 of coastline,2017,475827.7,E,A,2022-05-19,-,-,Asia
Malaysia,Beach litter count per km2 of coastline,2018,285621.2,E,A,2022-05-19,-,-,Asia
Malaysia,Beach litter count per km2 of coastline,2021,348330.3,E,A,2024-04-30,-,-,Asia
Malaysia,Beach litter count per km2 of coastline,2022,273440.2,E,A,2024-04-30,-,-,Asia
Maldives,Beach litter count per km2 of coastline,2016,3270.3,E,A,2022-05-19,-,-,Asia
Maldives,Beach litter count per km2 of coastline,2017,735635.5,E,A,2022-05-19,-,-,Asia
Maldives,Beach litter count per km2 of coastline,2018,1263127.4,E,A,2022-05-19,-,-,Asia
Maldives,Beach litter count per km2 of coastline,2021,39355.4,E,A,2024-04-30,-,-,Asia
Maldives,Beach litter count per km2 of coastline,2022,7411.6,E,A,2024-04-30,-,-,Asia
Malta,Beach litter count per km2 of coastline,2015,1205128.2,E,A,2022-05-19,-,-,Europe
Malta,Beach litter count per km2 of coastline,2018,5260.8,E,A,2022-05-19,-,-,Europe
Malta,Beach litter count per km2 of coastline,2021,1764066.7,E,A,2024-04-30,-,-,Europe
Malta,Beach litter count per km2 of coastline,2022,89477.7,E,A,2024-04-30,-,-,Europe
Marshall Islands,Beach litter count per km2 of coastline,2016,13321306.9,E,A,2022-05-19,-,-,Oceania
Marshall Islands,Beach litter count per km2 of coastline,2017,1396071.4,E,A,2022-05-19,-,-,Oceania
Marshall Islands,Beach litter count per km2 of coastline,2022,164159.1,E,A,2024-04-30,-,-,Oceania
Mauritius,Beach litter count per km2 of coastline,2015,1696629.2,E,A,2022-05-19,-,-,Africa
Mauritius,Beach litter count per km2 of coastline,2016,1476693.9,E,A,2022-05-19,-,-,Africa
Mauritius,Beach litter count per km2 of coastline,2017,2440869.9,E,A,2022-05-19,-,-,Africa
Mauritius,Beach litter count per km2 of coastline,2018,1337025.7,E,A,2022-05-19,-,-,Africa
Mauritius,Beach litter count per km2 of coastline,2021,716594.7,E,A,2024-04-30,-,-,Africa
Mauritius,Beach litter count per km2 of coastline,2022,229476.6,E,A,2024-04-30,-,-,Africa
Mexico,Beach litter count per km2 of coastline,2015,195336.3,E,A,2022-05-19,-,-,North America
Mexico,Beach litter count per km2 of coastline,2016,4007696.1,E,A,2022-05-19,-,-,North America
Mexico,Beach litter count per km2 of coastline,2017,783884.7,E,A,2022-05-19,-,-,North America
Mexico,Beach litter count per km2 of coastline,2018,1057973.5,E,A,2022-05-19,-,-,North America
Mexico,Beach litter count per km2 of coastline,2021,200611.7,E,A,2024-04-30,-,-,North America
Mexico,Beach litter count per km2 of coastline,2022,262942.9,E,A,2024-04-30,-,-,North America
Micronesia (Federated States of),Beach litter count per km2 of coastline,2017,847000.0,E,A,2022-05-19,-,-,Oceania
Micronesia (Federated States of),Beach litter count per km2 of coastline,2022,37199.6,E,A,2024-04-30,-,-,Oceania
Montenegro,Beach litter count per km2 of coastline,2019,1314960.6,E,A,2022-05-19,-,-,Europe
Morocco,Beach litter count per km2 of coastline,2015,13884816.8,E,A,2022-05-19,-,-,Africa
Morocco,Beach litter count per km2 of coastline,2016,603883.5,E,A,2022-05-19,-,-,Africa
Morocco,Beach litter count per km2 of coastline,2017,58922.8,E,A,2022-05-19,-,-,Africa
Morocco,Beach litter count per km2 of coastline,2018,724927.5,E,A,2022-05-19,-,-,Africa
Morocco,Beach litter count per km2 of coastline,2019,600489.8,E,A,2022-05-19,-,-,Africa
Mozambique,Beach litter count per km2 of coastline,2016,2018794.6,E,A,2022-05-19,-,-,Africa
Mozambique,Beach litter count per km2 of coastline,2017,637233.6,E,A,2022-05-19,-,-,Africa
Mozambique,Beach litter count per km2 of coastline,2018,611044.6,E,A,2022-05-19,-,-,Africa
Mozambique,Beach litter count per km2 of coastline,2021,230667.6,E,A,2024-04-30,-,-,Africa
Mozambique,Beach litter count per km2 of coastline,2022,984352.9,E,A,2024-04-30,-,-,Africa
Myanmar,Beach litter count per km2 of coastline,2016,638002.8,E,A,2022-05-19,-,-,Asia
Namibia,Beach litter count per km2 of coastline,2016,186410.8,E,A,2022-05-19,-,-,Africa
Namibia,Beach litter count per km2 of coastline,2021,242583.8,E,A,2024-04-30,-,-,Africa
Nepal,Beach litter count per km2 of coastline,2021,103000000.0,E,A,2024-04-30,-,-,Asia
Netherlands,Beach litter count per km2 of coastline,2015,3870848.7,E,A,2022-05-19,-,-,Europe
Netherlands,Beach litter count per km2 of coastline,2016,45603.4,E,A,2022-05-19,-,-,Europe
Netherlands,Beach litter count per km2 of coastline,2017,52216.9,E,A,2022-05-19,-,-,Europe
Netherlands,Beach litter count per km2 of coastline,2018,103847.2,E,A,2022-05-19,-,-,Europe
Netherlands,Beach litter count per km2 of coastline,2019,7550.3,E,A,2022-05-19,-,-,Europe
Netherlands,Beach litter count per km2 of coastline,2021,39336.6,E,A,2024-04-30,-,-,Europe
Netherlands,Beach litter count per km2 of coastline,2022,47956.9,E,A,2024-04-30,-,-,Europe
New Zealand,Beach litter count per km2 of coastline,2016,281448.8,E,A,2022-05-19,-,-,Oceania
New Zealand,Beach litter count per km2 of coastline,2017,24073.0,E,A,2022-05-19,-,-,Oceania
New Zealand,Beach litter count per km2 of coastline,2018,281211.4,E,A,2022-05-19,-,-,Oceania
New Zealand,Beach litter count per km2 of coastline,2021,4841.4,E,A,2024-04-30,-,-,Oceania
New Zealand,Beach litter count per km2 of coastline,2022,69580.7,E,A,2024-04-30,-,-,Oceania
Nicaragua,Beach litter count per km2 of coastline,2016,3262957.6,E,A,2022-05-19,-,-,North America
Nicaragua,Beach litter count per km2 of coastline,2017,1896642.1,E,A,2022-05-19,-,-,North America
Nicaragua,Beach litter count per km2 of coastline,2018,621667.5,E,A,2022-05-19,-,-,North America
Nicaragua,Beach litter count per km2 of coastline,2021,609011.6,E,A,2024-04-30,-,-,North America
Nicaragua,Beach litter count per km2 of coastline,2022,397803.6,E,A,2024-04-30,-,-,North America
Niger,Beach litter count per km2 of coastline,2021,6213.7,E,A,2024-04-30,-,-,Africa
Nigeria,Beach litter count per km2 of coastline,2017,1981343.0,E,A,2022-05-19,-,-,Africa
Nigeria,Beach litter count per km2 of coastline,2018,8166746.2,E,A,2022-05-19,-,-,Africa
Nigeria,Beach litter count per km2 of coastline,2021,49501.0,E,A,2024-04-30,-,-,Africa
Nigeria,Beach litter count per km2 of coastline,2022,120890.8,E,A,2024-04-30,-,-,Africa
Norway,Beach litter count per km2 of coastline,2015,3937.0,C,A,2024-03-04,-,file,Europe
Norway,Beach litter count per km2 of coastline,2016,2484.0,C,A,2024-03-04,-,file,Europe
Norway,Beach litter count per km2 of coastline,2017,2345.0,C,A,2024-03-04,-,file,Europe
Norway,Beach litter count per km2 of coastline,2018,2964.0,C,A,2024-03-04,-,file,Europe
Norway,Beach litter count per km2 of coastline,2019,2730.0,C,A,2024-03-04,-,file,Europe
Norway,Beach litter count per km2 of coastline,2020,1358.0,C,A,2024-03-04,-,file,Europe
Norway,Beach litter count per km2 of coastline,2021,1771.0,C,A,2024-03-04,-,file,Europe
Norway,Beach litter count per km2 of coastline,2022,1784.0,C,A,2024-03-04,-,file,Europe
Oman,Beach litter count per km2 of coastline,2018,2457134.5,E,A,2022-05-19,-,-,Asia
Oman,Beach litter count per km2 of coastline,2022,335134.7,E,A,2024-04-30,-,-,Asia
Pakistan,Beach litter count per km2 of coastline,2017,5538922.2,E,A,2022-05-19,-,-,Asia
Pakistan,Beach litter count per km2 of coastline,2021,32311.4,E,A,2024-04-30,-,-,Asia
Palau,Beach litter count per km2 of coastline,2016,428991.4,E,A,2022-05-19,-,-,Oceania
Palau,Beach litter count per km2 of coastline,2017,509131.5,E,A,2022-05-19,-,-,Oceania
Panama,Beach litter count per km2 of coastline,2016,1446131.9,E,A,2022-05-19,-,-,North America
Panama,Beach litter count per km2 of coastline,2017,636942.8,E,A,2022-05-19,-,-,North America
Panama,Beach litter count per km2 of coastline,2018,5295090.4,E,A,2022-05-19,-,-,North America
Panama,Beach litter count per km2 of coastline,2021,287843.8,E,A,2024-04-30,-,-,North America
Panama,Beach litter count per km2 of coastline,2022,185806.1,E,A,2024-04-30,-,-,North America
Paraguay,Beach litter count per km2 of coastline,2016,1062838.2,E,A,2022-05-19,-,-,South America
Peru,Beach litter count per km2 of coastline,2016,4051824.1,E,A,2022-05-19,-,-,South America
Peru,Beach litter count per km2 of coastline,2017,15390297.2,E,A,2022-05-19,-,-,South America
Peru,Beach litter count per km2 of coastline,2018,4107200.7,E,A,2022-05-19,-,-,South America
Peru,Beach litter count per km2 of coastline,2022,1140.0,C,A,2024-03-04,-,file,South America
Philippines,Beach litter count per km2 of coastline,2016,1023701.7,E,A,2022-05-19,-,-,Asia
Philippines,Beach litter count per km2 of coastline,2017,3174985.3,E,A,2022-05-19,-,-,Asia
Philippines,Beach litter count per km2 of coastline,2018,4227160.6,E,A,2022-05-19,-,-,Asia
Philippines,Beach litter count per km2 of coastline,2021,142265.9,E,A,2024-04-30,-,-,Asia
Philippines,Beach litter count per km2 of coastline,2022,334874.5,E,A,2024-04-30,-,-,Asia
Poland,Beach litter count per km2 of coastline,2016,24966.0,C,A,2024-04-08,-,file,Europe
Poland,Beach litter count per km2 of coastline,2017,12928.0,C,A,2024-04-08,-,file,Europe
Poland,Beach litter count per km2 of coastline,2018,25588.0,C,A,2024-04-08,-,file,Europe
Poland,Beach litter count per km2 of coastline,2019,19612.0,C,A,2024-04-08,-,file,Europe
Poland,Beach litter count per km2 of coastline,2020,15108.0,C,A,2024-04-08,-,file,Europe
Poland,Beach litter count per km2 of coastline,2021,9149.0,C,A,2024-04-08,-,file,Europe
Poland,Beach litter count per km2 of coastline,2022,6779.0,C,A,2024-04-08,-,file,Europe
Portugal,Beach litter count per km2 of coastline,2015,3096129.8,E,A,2022-05-19,-,-,Europe
Portugal,Beach litter count per km2 of coastline,2016,1237299.8,E,A,2022-05-19,-,-,Europe
Portugal,Beach litter count per km2 of coastline,2017,257362.4,E,A,2022-05-19,-,-,Europe
Portugal,Beach litter count per km2 of coastline,2018,1537330.3,E,A,2022-05-19,-,-,Europe
Portugal,Beach litter count per km2 of coastline,2019,160505.7,E,A,2022-05-19,-,-,Europe
Portugal,Beach litter count per km2 of coastline,2021,367116.1,E,A,2024-04-30,-,-,Europe
Portugal,Beach litter count per km2 of coastline,2022,248759.4,E,A,2024-04-30,-,-,Europe
Qatar,Beach litter count per km2 of coastline,2016,623371.4,E,A,2022-05-19,-,-,Asia
Qatar,Beach litter count per km2 of coastline,2017,766972.3,E,A,2022-05-19,-,-,Asia
Qatar,Beach litter count per km2 of coastline,2018,464191.0,E,A,2022-05-19,-,-,Asia
Republic of Korea,Beach litter count per km2 of coastline,2015,2135.0,C,A,2024-03-04,-,file,Asia
Republic of Korea,Beach litter count per km2 of coastline,2016,2025.0,C,A,2024-03-04,-,file,Asia
Republic of Korea,Beach litter count per km2 of coastline,2017,1797.0,C,A,2024-03-04,-,file,Asia
Republic of Korea,Beach litter count per km2 of coastline,2018,5517.0,C,A,2024-03-04,-,file,Asia
Republic of Korea,Beach litter count per km2 of coastline,2019,5196.0,C,A,2024-03-04,-,file,Asia
Republic of Korea,Beach litter count per km2 of coastline,2020,5667.0,C,A,2024-03-04,-,file,Asia
Republic of Korea,Beach litter count per km2 of coastline,2021,15647.0,C,A,2024-03-04,-,file,Asia
Republic of Korea,Beach litter count per km2 of coastline,2022,23358.0,C,A,2024-03-04,-,file,Asia
Romania,Beach litter count per km2 of coastline,2015,146057.3,E,A,2022-05-19,-,-,Europe
Romania,Beach litter count per km2 of coastline,2016,2776233.2,E,A,2022-05-19,-,-,Europe
Romania,Beach litter count per km2 of coastline,2017,13410071.9,E,A,2022-05-19,-,-,Europe
Romania,Beach litter count per km2 of coastline,2018,719424.7,E,A,2022-05-19,-,-,Europe
Romania,Beach litter count per km2 of coastline,2021,450104.9,E,A,2024-04-30,-,-,Europe
Russian Federation,Beach litter count per km2 of coastline,2016,555747.3,E,A,2022-05-19,-,-,Europe
Russian Federation,Beach litter count per km2 of coastline,2017,2801281.0,E,A,2022-05-19,-,-,Europe
Russian Federation,Beach litter count per km2 of coastline,2018,374225.9,E,A,2022-05-19,-,-,Europe
Russian Federation,Beach litter count per km2 of coastline,2019,42529.7,E,A,2022-05-19,-,-,Europe
Russian Federation,Beach litter count per km2 of coastline,2021,114508.5,E,A,2024-04-30,-,-,Europe
Russian Federation,Beach litter count per km2 of coastline,2022,280538.0,E,A,2024-04-30,-,-,Europe
Saint Kitts and Nevis,Beach litter count per km2 of coastline,2016,991240.2,E,A,2022-05-19,-,-,North America
Saint Kitts and Nevis,Beach litter count per km2 of coastline,2017,601483.8,E,A,2022-05-19,-,-,North America
Saint Kitts and Nevis,Beach litter count per km2 of coastline,2018,1538667.1,E,A,2022-05-19,-,-,North America
Saint Kitts and Nevis,Beach litter count per km2 of coastline,2021,122793.0,E,A,2024-04-30,-,-,North America
Saint Kitts and Nevis,Beach litter count per km2 of coastline,2022,287394.8,E,A,2024-04-30,-,-,North America
Saint Lucia,Beach litter count per km2 of coastline,2017,1163493.1,E,A,2022-05-19,-,-,North America
Saint Lucia,Beach litter count per km2 of coastline,2018,1982561.3,E,A,2022-05-19,-,-,North America
Saint Lucia,Beach litter count per km2 of coastline,2021,65590.1,E,A,2024-04-30,-,-,North America
Saint Lucia,Beach litter count per km2 of coastline,2022,41993.2,E,A,2024-04-30,-,-,North America
Saint Vincent and the Grenadines,Beach litter count per km2 of coastline,2016,1498550.1,E,A,2022-05-19,-,-,North America
Saint Vincent and the Grenadines,Beach litter count per km2 of coastline,2017,130705.8,E,A,2022-05-19,-,-,North America
Saint Vincent and the Grenadines,Beach litter count per km2 of coastline,2018,4061116.5,E,A,2022-05-19,-,-,North America
Saint Vincent and the Grenadines,Beach litter count per km2 of coastline,2022,3266830.5,E,A,2024-04-30,-,-,North America
Samoa,Beach litter count per km2 of coastline,2016,2089778.1,E,A,2022-05-19,-,-,Oceania
Samoa,Beach litter count per km2 of coastline,2018,2434888.3,E,A,2022-05-19,-,-,Oceania
Samoa,Beach litter count per km2 of coastline,2021,908.3,E,A,2024-04-30,-,-,Oceania
Samoa,Beach litter count per km2 of coastline,2022,2051747.3,E,A,2024-04-30,-,-,Oceania
Sao Tome and Principe,Beach litter count per km2 of coastline,2016,53106.7,E,A,2022-05-19,-,-,Africa
Saudi Arabia,Beach litter count per km2 of coastline,2015,9360000.0,C,A,2024-03-04,-,file,Asia
Saudi Arabia,Beach litter count per km2 of coastline,2019,271078.6,C,A,2024-03-04,-,file,Asia
Senegal,Beach litter count per km2 of coastline,2017,100.1,E,A,2022-05-19,-,-,Africa
Senegal,Beach litter count per km2 of coastline,2018,230850.8,E,A,2022-05-19,-,-,Africa
Senegal,Beach litter count per km2 of coastline,2021,424108.2,E,A,2024-04-30,-,-,Africa
Senegal,Beach litter count per km2 of coastline,2022,1795076.8,E,A,2024-04-30,-,-,Africa
Serbia,Beach litter count per km2 of coastline,2016,13151162.8,E,A,2022-05-19,-,-,Europe
Serbia,Beach litter count per km2 of coastline,2021,481880.9,E,A,2024-04-30,-,-,Europe
Seychelles,Beach litter count per km2 of coastline,2017,86703383.2,E,A,2022-05-19,-,-,Africa
Seychelles,Beach litter count per km2 of coastline,2018,35039.5,E,A,2022-05-19,-,-,Africa
Seychelles,Beach litter count per km2 of coastline,2021,177491.8,E,A,2024-04-30,-,-,Africa
Seychelles,Beach litter count per km2 of coastline,2022,160952.2,E,A,2024-04-30,-,-,Africa
Sierra Leone,Beach litter count per km2 of coastline,2018,621.4,E,A,2022-05-19,-,-,Africa
Sierra Leone,Beach litter count per km2 of coastline,2021,3000000.0,E,A,2024-04-30,-,-,Africa
Sierra Leone,Beach litter count per km2 of coastline,2022,259670.1,E,A,2024-04-30,-,-,Africa
Singapore,Beach litter count per km2 of coastline,2016,7581520.5,E,A,2022-05-19,-,-,Asia
Singapore,Beach litter count per km2 of coastline,2017,3229485.2,E,A,2022-05-19,-,-,Asia
Singapore,Beach litter count per km2 of coastline,2018,5545934.9,E,A,2022-05-19,-,-,Asia
Singapore,Beach litter count per km2 of coastline,2021,329370.9,E,A,2024-04-30,-,-,Asia
Singapore,Beach litter count per km2 of coastline,2022,261485.5,E,A,2024-04-30,-,-,Asia
Slovenia,Beach litter count per km2 of coastline,2016,1833145.7,E,A,2022-05-19,-,-,Europe
Slovenia,Beach litter count per km2 of coastline,2017,1491842.2,E,A,2022-05-19,-,-,Europe
Slovenia,Beach litter count per km2 of coastline,2018,3883.5,E,A,2022-05-19,-,-,Europe
Slovenia,Beach litter count per km2 of coastline,2021,336787.4,E,A,2024-04-30,-,-,Europe
Solomon Islands,Beach litter count per km2 of coastline,2022,180026.0,E,A,2024-04-30,-,-,Oceania
Somalia,Beach litter count per km2 of coastline,2022,30308.1,E,A,2024-04-30,-,-,Africa
South Africa,Beach litter count per km2 of coastline,2015,1059365.4,E,A,2022-05-19,-,-,Africa
South Africa,Beach litter count per km2 of coastline,2016,644018.6,E,A,2022-05-19,-,-,Africa
South Africa,Beach litter count per km2 of coastline,2017,243075.7,E,A,2022-05-19,-,-,Africa
South Africa,Beach litter count per km2 of coastline,2018,595449.7,E,A,2022-05-19,-,-,Africa
South Africa,Beach litter count per km2 of coastline,2019,303.7,E,A,2022-05-19,-,-,Africa
South Africa,Beach litter count per km2 of coastline,2021,124090.2,E,A,2024-04-30,-,-,Africa
South Africa,Beach litter count per km2 of coastline,2022,122938.4,E,A,2024-04-30,-,-,Africa
Spain,Beach litter count per km2 of coastline,2015,1531320.5,E,A,2022-05-19,-,-,Europe
Spain,Beach litter count per km2 of coastline,2016,4088205.9,E,A,2022-05-19,-,-,Europe
Spain,Beach litter count per km2 of coastline,2017,2193543.0,E,A,2022-05-19,-,-,Europe
Spain,Beach litter count per km2 of coastline,2018,1436452.3,E,A,2022-05-19,-,-,Europe
Spain,Beach litter count per km2 of coastline,2019,1257716.5,E,A,2022-05-19,-,-,Europe
Spain,Beach litter count per km2 of coastline,2021,467568.2,E,A,2024-04-30,-,-,Europe
Spain,Beach litter count per km2 of coastline,2022,197954.5,E,A,2024-04-30,-,-,Europe
Sri Lanka,Beach litter count per km2 of coastline,2016,3303721.5,E,A,2022-05-19,-,-,Asia
Sri Lanka,Beach litter count per km2 of coastline,2017,3502183.9,E,A,2022-05-19,-,-,Asia
Sri Lanka,Beach litter count per km2 of coastline,2018,1673197.9,E,A,2022-05-19,-,-,Asia
Sri Lanka,Beach litter count per km2 of coastline,2021,123104.0,E,A,2024-04-30,-,-,Asia
Sri Lanka,Beach litter count per km2 of coastline,2022,266145.3,E,A,2024-04-30,-,-,Asia
Suriname,Beach litter count per km2 of coastline,2017,580801.2,E,A,2022-05-19,-,-,South America
Suriname,Beach litter count per km2 of coastline,2018,659674.2,E,A,2022-05-19,-,-,South America
Sweden,Beach litter count per km2 of coastline,2015,7623.6,E,A,2022-05-19,-,-,Europe
Sweden,Beach litter count per km2 of coastline,2016,22391.1,E,A,2022-05-19,-,-,Europe
Sweden,Beach litter count per km2 of coastline,2017,17226.3,E,A,2022-05-19,-,-,Europe
Sweden,Beach litter count per km2 of coastline,2018,6489.1,E,A,2022-05-19,-,-,Europe
Sweden,Beach litter count per km2 of coastline,2021,515545.3,E,A,2024-04-30,-,-,Europe
Sweden,Beach litter count per km2 of coastline,2022,201842.3,E,A,2024-04-30,-,-,Europe
Switzerland,Beach litter count per km2 of coastline,2021,54744.0,C,A,2024-08-30,-,-,Europe
Thailand,Beach litter count per km2 of coastline,2016,447945.7,E,A,2022-05-19,-,-,Asia
Thailand,Beach litter count per km2 of coastline,2017,519666.5,E,A,2022-05-19,-,-,Asia
Thailand,Beach litter count per km2 of coastline,2018,804726.8,E,A,2022-05-19,-,-,Asia
Thailand,Beach litter count per km2 of coastline,2021,257803.4,E,A,2024-04-30,-,-,Asia
Thailand,Beach litter count per km2 of coastline,2022,287028.2,E,A,2024-04-30,-,-,Asia
Timor-Leste,Beach litter count per km2 of coastline,2016,172592.3,E,A,2022-05-19,-,-,Asia
Tonga,Beach litter count per km2 of coastline,2017,630050.5,E,A,2022-05-19,-,-,Oceania
Tonga,Beach litter count per km2 of coastline,2021,8000000.0,E,A,2024-04-30,-,-,Oceania
Trinidad and Tobago,Beach litter count per km2 of coastline,2016,1517814.2,E,A,2022-05-19,-,-,North America
Trinidad and Tobago,Beach litter count per km2 of coastline,2017,2355550.1,E,A,2022-05-19,-,-,North America
Trinidad and Tobago,Beach litter count per km2 of coastline,2018,3285571.1,E,A,2022-05-19,-,-,North America
Trinidad and Tobago,Beach litter count per km2 of coastline,2021,127336.7,E,A,2024-04-30,-,-,North America
Trinidad and Tobago,Beach litter count per km2 of coastline,2022,158045.6,E,A,2024-04-30,-,-,North America
Tunisia,Beach litter count per km2 of coastline,2019,1040778.5,E,A,2022-05-19,-,-,Africa
Tunisia,Beach litter count per km2 of coastline,2021,598796.0,E,A,2024-04-30,-,-,Africa
Türkiye,Beach litter count per km2 of coastline,2016,2511674.6,E,A,2022-05-19,-,-,Asia
Türkiye,Beach litter count per km2 of coastline,2017,5753342.9,E,A,2022-05-19,-,-,Asia
Türkiye,Beach litter count per km2 of coastline,2018,451998.6,E,A,2022-05-19,-,-,Asia
Türkiye,Beach litter count per km2 of coastline,2019,183296.5,E,A,2022-05-19,-,-,Asia
Türkiye,Beach litter count per km2 of coastline,2021,17657.4,E,A,2024-04-30,-,-,Asia
Türkiye,Beach litter count per km2 of coastline,2022,43014.1,E,A,2024-04-30,-,-,Asia
Uganda,Beach litter count per km2 of coastline,2022,148450.8,E,A,2024-04-30,-,-,Africa
Ukraine,Beach litter count per km2 of coastline,2017,11371.7,E,A,2022-05-19,-,-,Europe
Ukraine,Beach litter count per km2 of coastline,2018,1229709.5,E,A,2022-05-19,-,-,Europe
Ukraine,Beach litter count per km2 of coastline,2021,4000000.0,E,A,2024-04-30,-,-,Europe
United Arab Emirates,Beach litter count per km2 of coastline,2016,1807540.2,E,A,2022-05-19,-,-,Asia
United Arab Emirates,Beach litter count per km2 of coastline,2017,9460278.2,E,A,2022-05-19,-,-,Asia
United Arab Emirates,Beach litter count per km2 of coastline,2018,716677.8,E,A,2022-05-19,-,-,Asia
United Arab Emirates,Beach litter count per km2 of coastline,2021,92305.0,E,A,2024-04-30,-,-,Asia
United Arab Emirates,Beach litter count per km2 of coastline,2022,463640.2,E,A,2024-04-30,-,-,Asia
United Kingdom of Great Britain and Northern Ireland,Beach litter count per km2 of coastline,2015,375.0,C,A,2024-03-04,-,file,Europe
United Kingdom of Great Britain and Northern Ireland,Beach litter count per km2 of coastline,2016,345.0,C,A,2024-03-04,-,file,Europe
United Kingdom of Great Britain and Northern Ireland,Beach litter count per km2 of coastline,2017,287.0,C,A,2024-03-04,-,file,Europe
United Kingdom of Great Britain and Northern Ireland,Beach litter count per km2 of coastline,2018,255.0,C,A,2024-03-04,-,file,Europe
United Kingdom of Great Britain and Northern Ireland,Beach litter count per km2 of coastline,2019,248.0,C,A,2024-03-04,-,file,Europe
United Kingdom of Great Britain and Northern Ireland,Beach litter count per km2 of coastline,2020,183.0,C,A,2024-03-04,-,file,Europe
United Kingdom of Great Britain and Northern Ireland,Beach litter count per km2 of coastline,2021,214.0,C,A,2024-03-04,-,file,Europe
United Kingdom of Great Britain and Northern Ireland,Beach litter count per km2 of coastline,2022,165.0,C,A,2024-03-04,-,file,Europe
United Republic of Tanzania,Beach litter count per km2 of coastline,2016,41173752.7,E,A,2022-05-19,-,-,Africa
United Republic of Tanzania,Beach litter count per km2 of coastline,2017,14546454.4,E,A,2022-05-19,-,-,Africa
United Republic of Tanzania,Beach litter count per km2 of coastline,2018,88634.8,E,A,2022-05-19,-,-,Africa
United Republic of Tanzania,Beach litter count per km2 of coastline,2021,177780.4,E,A,2024-04-30,-,-,Africa
United Republic of Tanzania,Beach litter count per km2 of coastline,2022,265293.0,E,A,2024-04-30,-,-,Africa
United States of America,Beach litter count per km2 of coastline,2015,7717.4,E,A,2022-05-19,-,-,North America
United States of America,Beach litter count per km2 of coastline,2016,203850.8,E,A,2022-05-19,-,-,North America
United States of America,Beach litter count per km2 of coastline,2017,214112.0,E,A,2022-05-19,-,-,North America
United States of America,Beach litter count per km2 of coastline,2018,119955.6,E,A,2022-05-19,-,-,North America
United States of America,Beach litter count per km2 of coastline,2019,1510.1,E,A,2022-05-19,-,-,North America
United States of America,Beach litter count per km2 of coastline,2021,5085658.1,E,A,2024-04-30,-,-,North America
United States of America,Beach litter count per km2 of coastline,2022,221825.4,E,A,2024-04-30,-,-,North America
Uruguay,Beach litter count per km2 of coastline,2016,560363.3,E,A,2022-05-19,-,-,South America
Uruguay,Beach litter count per km2 of coastline,2017,483382.4,E,A,2022-05-19,-,-,South America
Uruguay,Beach litter count per km2 of coastline,2018,244068.9,E,A,2022-05-19,-,-,South America
Uruguay,Beach litter count per km2 of coastline,2021,279727.0,E,A,2024-04-30,-,-,South America
Uruguay,Beach litter count per km2 of coastline,2022,71546.8,E,A,2024-04-30,-,-,South America
Vanuatu,Beach litter count per km2 of coastline,2016,535071.4,E,A,2022-05-19,-,-,Oceania
Vanuatu,Beach litter count per km2 of coastline,2017,684594.1,E,A,2022-05-19,-,-,Oceania
Vanuatu,Beach litter count per km2 of coastline,2018,696651.1,E,A,2022-05-19,-,-,Oceania
Vanuatu,Beach litter count per km2 of coastline,2021,78610.6,E,A,2024-04-30,-,-,Oceania
Vanuatu,Beach litter count per km2 of coastline,2022,1102307.6,E,A,2024-04-30,-,-,Oceania
Venezuela (Bolivarian Republic of),Beach litter count per km2 of coastline,2016,1614655.7,E,A,2022-05-19,-,-,South America
Venezuela (Bolivarian Republic of),Beach litter count per km2 of coastline,2017,2192921.4,E,A,2022-05-19,-,-,South America
Venezuela (Bolivarian Republic of),Beach litter count per km2 of coastline,2018,2108749.8,E,A,2022-05-19,-,-,South America
Venezuela (Bolivarian Republic of),Beach litter count per km2 of coastline,2021,745847.0,E,A,2024-04-30,-,-,South America
Venezuela (Bolivarian Republic of),Beach litter count per km2 of coastline,2022,457625.0,E,A,2024-04-30,-,-,South America
Viet Nam,Beach litter count per km2 of coastline,2016,3446295.9,E,A,2022-05-19,-,-,Asia
Viet Nam,Beach litter count per km2 of coastline,2017,2302819.1,E,A,2022-05-19,-,-,Asia
Viet Nam,Beach litter count per km2 of coastline,2018,3492480.0,E,A,2022-05-19,-,-,Asia
Viet Nam,Beach litter count per km2 of coastline,2021,199092.4,E,A,2024-04-30,-,-,Asia
Viet Nam,Beach litter count per km2 of coastline,2022,165575.7,E,A,2024-04-30,-,-,Asia
